{"XGBoost_words": {"accuracy": 0.7654693631150015, "precision": 0.7636944239744534, "recall": 0.8400432315590382, "f1": 0.8000514668039115, "auc": 0.8449892267509128}, "XGBoost_chars": {"accuracy": 0.7912767884092967, "precision": 0.779951690821256, "recall": 0.8724669008376115, "f1": 0.8236194362963908, "auc": 0.8637318165337621}}