{"LinearSVC_words": {"accuracy": 0.7467552067612436, "precision": 0.7452121212121212, "recall": 0.8305863280194542, "f1": 0.7855865065167391, "auc": 0.8251151340478549}, "LinearSVC_chars": {"accuracy": 0.7757319649864172, "precision": 0.7731196054254007, "recall": 0.847068359902729, "f1": 0.8084063950489944, "auc": 0.8513903149298988}, "LogisticRegression_words": {"accuracy": 0.7627527920313915, "precision": 0.7514764942121427, "recall": 0.8594974331261821, "f1": 0.8018653894630703, "auc": 0.8356844188565345}, "LogisticRegression_chars": {"accuracy": 0.7799577422275883, "precision": 0.7693970694210905, "recall": 0.8654417724939205, "f1": 0.8145981688708036, "auc": 0.8573495266929474}, "SGDClassifier_words": {"accuracy": 0.7579233323271959, "precision": 0.7454928588152657, "recall": 0.8603080248581464, "f1": 0.7987957852483693, "auc": 0.8299918017075542}, "SGDClassifier_chars": {"accuracy": 0.7740718382130999, "precision": 0.7535664979291302, "recall": 0.8848959740610646, "f1": 0.8139679383621226, "auc": 0.8518790717223574}}