{"power-at-train.tsv": {"neural_network": {"accuracy": 0.7923195362091064, "precision": 0.6774774789810181, "recall": 0.7028037309646606, "f1": 0.6899082660675049, "auc": 0.8599337026027076, "train_time": 28.403456983, "pred_time": 0.168883082, "n_samples": 3255}, "logreg": {"accuracy": 0.8043010752688172, "precision": 0.6962828649138713, "recall": 0.7177570093457943, "f1": 0.7068568798895536, "auc": 0.8682606557026455, "train_time": 8.909597263, "pred_time": 0.025267002, "n_sample": 3255}}, "power-ba-train.tsv": {"neural_network": {"accuracy": 0.8251028656959534, "precision": 0.908665120601654, "recall": 0.8940092325210571, "f1": 0.9012776017189026, "auc": 0.630184331797235, "train_time": 4.648984209, "pred_time": 0.0218023, "n_samples": 486}, "logreg": {"accuracy": 0.8930041152263375, "precision": 0.8930041152263375, "recall": 1.0, "f1": 0.9434782608695652, "auc": 0.6422811059907834, "train_time": 2.31956522, "pred_time": 0.002595592, "n_sample": 486}}, "power-be-train.tsv": {"neural_network": {"accuracy": 0.5985247492790222, "precision": 0.6762886643409729, "recall": 0.5942028760910034, "f1": 0.6325940489768982, "auc": 0.6260906070894025, "train_time": 8.377225441, "pred_time": 0.045048431, "n_samples": 949}, "logreg": {"accuracy": 0.589041095890411, "precision": 0.6607142857142857, "recall": 0.6032608695652174, "f1": 0.6306818181818182, "auc": 0.6319588946081116, "train_time": 5.092151326, "pred_time": 0.007591427, "n_sample": 949}}, "power-bg-train.tsv": {"neural_network": {"accuracy": 0.6776119470596313, "precision": 0.6812297701835632, "recall": 0.6417682766914368, "f1": 0.6609105467796326, "auc": 0.7451727642276423, "train_time": 12.058416519, "pred_time": 0.06850876, "n_samples": 1340}, "logreg": {"accuracy": 0.7082089552238806, "precision": 0.6832641770401107, "recall": 0.7530487804878049, "f1": 0.7164612037708484, "auc": 0.7819698509485096, "train_time": 2.517238679, "pred_time": 0.009534139, "n_sample": 1340}}, "power-cz-train.tsv": {"neural_network": {"accuracy": 0.6454477906227112, "precision": 0.5797317624092102, "recall": 0.6638225317001343, "f1": 0.6189339756965637, "auc": 0.695962435030895, "train_time": 12.296182795, "pred_time": 0.067202856, "n_samples": 1351}, "logreg": {"accuracy": 0.6365655070318282, "precision": 0.5598991172761665, "recall": 0.757679180887372, "f1": 0.6439448875997099, "auc": 0.7239666287447858, "train_time": 1.882928119, "pred_time": 0.016721112, "n_sample": 1351}}, "power-dk-train.tsv": {"neural_network": {"accuracy": 0.6838365793228149, "precision": 0.6927502751350403, "recall": 0.8712011575698853, "f1": 0.771794855594635, "auc": 0.7345709200392568, "train_time": 9.898370579, "pred_time": 0.05340824, "n_samples": 1126}, "logreg": {"accuracy": 0.7335701598579041, "precision": 0.7234285714285714, "recall": 0.9160636758321273, "f1": 0.8084291187739464, "auc": 0.7691800988073257, "train_time": 3.777656917, "pred_time": 0.006970813, "n_sample": 1126}}, "power-es-ct-train.tsv": {"neural_network": {"accuracy": 0.7896440029144287, "precision": 0.8349514603614807, "recall": 0.8472906351089478, "f1": 0.8410757780075073, "auc": 0.8746166000557674, "train_time": 2.868614773, "pred_time": 0.014832595, "n_samples": 309}, "logreg": {"accuracy": 0.8025889967637541, "precision": 0.7933884297520661, "recall": 0.9458128078817734, "f1": 0.8629213483146068, "auc": 0.906682777209778, "train_time": 2.326284643, "pred_time": 0.003036221, "n_sample": 309}}, "power-es-ga-train.tsv": {"neural_network": {"accuracy": 0.7941176295280457, "precision": 0.9622641801834106, "recall": 0.6071428656578064, "f1": 0.7445255517959595, "auc": 0.9349390919158361, "train_time": 1.862483147, "pred_time": 0.00874388, "n_samples": 170}, "logreg": {"accuracy": 0.711764705882353, "precision": 0.6335877862595419, "recall": 0.9880952380952381, "f1": 0.772093023255814, "auc": 0.9436600221483943, "train_time": 0.953459031, "pred_time": 0.002084839, "n_sample": 170}}, "power-es-pv-train.tsv": {"neural_network": {"accuracy": 0.6553191542625427, "precision": 0.5512820482254028, "recall": 0.8865979313850403, "f1": 0.6798418760299683, "auc": 0.7769311220678321, "train_time": 1.944789193, "pred_time": 0.010761672, "n_samples": 235}, "logreg": {"accuracy": 0.6127659574468085, "precision": 0.5163043478260869, "recall": 0.979381443298969, "f1": 0.6761565836298933, "auc": 0.8095024652622143, "train_time": 1.256989949, "pred_time": 0.002536994, "n_sample": 235}}, "power-es-train.tsv": {"neural_network": {"accuracy": 0.8243243098258972, "precision": 0.8794520497322083, "recall": 0.8826764225959778, "f1": 0.881061315536499, "auc": 0.8656547258593917, "train_time": 12.80251646, "pred_time": 0.071824605, "n_samples": 1480}, "logreg": {"accuracy": 0.8371621621621622, "precision": 0.8315132605304212, "recall": 0.9770852428964253, "f1": 0.898440792246102, "auc": 0.888904073760777, "train_time": 6.404994637, "pred_time": 0.014351456, "n_sample": 1480}}, "power-fi-train.tsv": {"neural_network": {"accuracy": 0.6650679707527161, "precision": 0.625246524810791, "recall": 0.5805860757827759, "f1": 0.6020892858505249, "auc": 0.7136232561764477, "train_time": 10.908091316, "pred_time": 0.067209545, "n_samples": 1251}, "logreg": {"accuracy": 0.6866506794564349, "precision": 0.6757990867579908, "recall": 0.5421245421245421, "f1": 0.6016260162601627, "auc": 0.7530382147403425, "train_time": 3.975069121, "pred_time": 0.006428563, "n_sample": 1251}}, "power-fr-train.tsv": {"neural_network": {"accuracy": 0.7026476860046387, "precision": 0.5720859169960022, "recall": 0.5501474738121033, "f1": 0.5609022378921509, "auc": 0.7598049335480349, "train_time": 17.679464115, "pred_time": 0.094889494, "n_samples": 1964}, "logreg": {"accuracy": 0.7489816700610998, "precision": 0.6868686868686869, "recall": 0.5014749262536873, "f1": 0.5797101449275363, "auc": 0.7971276786082936, "train_time": 2.45565237, "pred_time": 0.010141227, "n_sample": 1964}}, "power-gb-train.tsv": {"neural_network": {"accuracy": 0.7613945007324219, "precision": 0.7878870368003845, "recall": 0.7838422060012817, "f1": 0.7858594059944153, "auc": 0.8424444305881755, "train_time": 59.885812398, "pred_time": 0.360195178, "n_samples": 6626}, "logreg": {"accuracy": 0.7805614246906127, "precision": 0.76987749219313, "recall": 0.8659821669818968, "f1": 0.8151068158697864, "auc": 0.8575414822050866, "train_time": 13.182301314, "pred_time": 0.038930615, "n_sample": 6626}}, "power-gr-train.tsv": {"neural_network": {"accuracy": 0.8222565650939941, "precision": 0.7898229956626892, "recall": 0.9469496011734009, "f1": 0.8612786531448364, "auc": 0.9342739954808921, "train_time": 11.451041945, "pred_time": 0.06319687, "n_samples": 1294}, "logreg": {"accuracy": 0.839258114374034, "precision": 0.8167053364269141, "recall": 0.9336870026525199, "f1": 0.8712871287128713, "auc": 0.9306930936241282, "train_time": 4.010274256, "pred_time": 0.014044695, "n_sample": 1294}}, "power-hr-train.tsv": {"neural_network": {"accuracy": 0.6819923520088196, "precision": 0.5734103918075562, "recall": 0.6270543336868286, "f1": 0.5990338325500488, "auc": 0.7293462400346222, "train_time": 19.781476342, "pred_time": 0.103269849, "n_samples": 2088}, "logreg": {"accuracy": 0.7126436781609196, "precision": 0.6615905245346869, "recall": 0.4943109987357775, "f1": 0.5658465991316932, "auc": 0.756988557665409, "train_time": 11.869036265, "pred_time": 0.018174349, "n_sample": 2088}}, "power-hu-train.tsv": {"neural_network": {"accuracy": 0.8665376901626587, "precision": 0.9035087823867798, "recall": 0.8142292499542236, "f1": 0.8565488457679749, "auc": 0.9363696251048029, "train_time": 4.97764043, "pred_time": 0.026694838, "n_samples": 517}, "logreg": {"accuracy": 0.8278529980657641, "precision": 0.905940594059406, "recall": 0.7233201581027668, "f1": 0.8043956043956044, "auc": 0.9254401724757456, "train_time": 4.012546897, "pred_time": 0.006822367, "n_sample": 517}}, "power-it-train.tsv": {"neural_network": {"accuracy": 0.7432351112365723, "precision": 0.631393313407898,